X,Y,Z,description,
-3.68894207537291,40.466063829633,0,<div align=center><img src=https://informo.madrid.es/cameras/Camara06303.jpg?v=39983  width=300 height=220/><br/>PLAZA DE CASTILLA (NORTE)</div>
-3.68963237924212,40.4657761535436,0,<div align=center><img src=https://informo.madrid.es/cameras/Camara06304.jpg?v=39983  width=300 height=220/><br/>PLAZA DE CASTILLA (SUR)</div>
-3.68559709254018,40.4589506600118,0,<div align=center><img src=https://informo.madrid.es/cameras/Camara05325.jpg?v=39983  width=300 height=220/><br/>ALBERTO ALCOCER-PADRE DAMIAN</div>
-3.69048871765836,40.4520280139944,0,<div align=center><img src=https://informo.madrid.es/cameras/Camara06306.jpg?v=39983  width=300 height=220/><br/>PLAZA DE LIMA</div>
-3.70406984281203,40.4469910764164,0,<div align=center><img src=https://informo.madrid.es/cameras/Camara06308.jpg?v=39983  width=300 height=220/><br/>CUATRO CAMINOS</div>
-3.71914660133047,40.4348920483828,0,<div align=center><img src=https://informo.madrid.es/cameras/Camara09303.jpg?v=39983  width=300 height=220/><br/>PRINCESA - MORET</div>
-3.71764690637595,40.4392000528541,0,<div align=center><img src=https://informo.madrid.es/cameras/Camara07306.jpg?v=39983  width=300 height=220/><br/>PLAZA CRISTO REY</div>
-3.71992556005439,40.4202726781817,0,<div align=center><img src=https://informo.madrid.es/cameras/Camara09307.jpg?v=39983  width=300 height=220/><br/>GTA DE SAN VICENTE</div>
-3.71080716985496,40.4232117722576,0,<div align=center><img src=https://informo.madrid.es/cameras/Camara09301.jpg?v=39983  width=300 height=220/><br/>PLAZA DE ESPAÑA - GRAN VÍA</div>
-3.70549647487068,40.4201376524201,0,<div align=center><img src=https://informo.madrid.es/cameras/Camara01314.jpg?v=39983  width=300 height=220/><br/>CALLAO - GRAN VIA</div>
-3.68529531291997,40.4819889836805,0,<div align=center><img src=https://informo.madrid.es/cameras/Camara06301.jpg?v=39983  width=300 height=220/><br/>M30 - PK31+500 C (NUDO NORTE)</div>
-3.69041825734863,40.4379867257183,0,<div align=center><img src=https://informo.madrid.es/cameras/Camara07302.jpg?v=39983  width=300 height=220/><br/>GREGORIO MARAÑÓN</div>
-3.68579406660153,40.4454684074731,0,<div align=center><img src=https://informo.madrid.es/cameras/Camara05308.jpg?v=39983  width=300 height=220/><br/>REPUBLICA ARGENTINA</div>
-3.67666986774559,40.458595515585,0,<div align=center><img src=https://informo.madrid.es/cameras/Camara05304.jpg?v=39983  width=300 height=220/><br/>REPUBLICA DOMINICANA</div>
-3.67746270592335,40.4515456734308,0,<div align=center><img src=https://informo.madrid.es/cameras/Camara05306.jpg?v=39983  width=300 height=220/><br/>CONCHA ESPINA - PPE DE VERGARA</div>
-3.67736195699703,40.4373283568245,0,<div align=center><img src=https://informo.madrid.es/cameras/Camara04312.jpg?v=39983  width=300 height=220/><br/>AV AMERICA - FRANCISCO SILVELA</div>
-3.70224251218166,40.4288894509383,0,<div align=center><img src=https://informo.madrid.es/cameras/Camara01320.jpg?v=39983  width=300 height=220/><br/>BILBAO</div>
-3.6624479787291,40.4311282252931,0,<div align=center><img src=https://informo.madrid.es/cameras/Camara04305.jpg?v=39983  width=300 height=220/><br/>ALCALA - VENTAS</div>
-3.67587620471999,40.4248980850836,0,<div align=center><img src=https://informo.madrid.es/cameras/Camara04307.jpg?v=39983  width=300 height=220/><br/>ALCALA - GOYA</div>
-3.66891397966186,40.4280136411192,0,<div align=center><img src=https://informo.madrid.es/cameras/Camara04306.jpg?v=39983  width=300 height=220/><br/>MANUEL BECERRA</div>
-3.67023731893022,40.4066547944021,0,<div align=center><img src=https://informo.madrid.es/cameras/Camara03303.jpg?v=39983  width=300 height=220/><br/>CONDE DE CASAL</div>
-3.69496549134601,40.3911362769227,0,<div align=center><img src=https://informo.madrid.es/cameras/Camara02304.jpg?v=39983  width=300 height=220/><br/>LEGAZPI</div>
-3.70256810904181,40.4050292623528,0,<div align=center><img src=https://informo.madrid.es/cameras/Camara01306.jpg?v=39983  width=300 height=220/><br/>EMBAJADORES</div>
-3.69310930664668,40.4076578999155,0,<div align=center><img src=https://informo.madrid.es/cameras/Camara01305.jpg?v=39983  width=300 height=220/><br/>ATOCHA - SUR</div>
-3.69215886323192,40.4091889304854,0,<div align=center><img src=https://informo.madrid.es/cameras/Camara01304.jpg?v=39983  width=300 height=220/><br/>ATOCHA - NORTE</div>
-3.69311379706586,40.418975488442,0,<div align=center><img src=https://informo.madrid.es/cameras/Camara01302.jpg?v=39983  width=300 height=220/><br/>CIBELES 1</div>
-3.69666543418588,40.4188902498848,0,<div align=center><img src=https://informo.madrid.es/cameras/Camara01317.jpg?v=39983  width=300 height=220/><br/>GRAN VIA - ALCALA</div>
-3.70028134568391,40.41665894556,0,<div align=center><img src=https://informo.madrid.es/cameras/Camara01318.jpg?v=39983  width=300 height=220/><br/>PLAZA CANALEJAS</div>
-3.70441422114003,40.433609670381,0,<div align=center><img src=https://informo.madrid.es/cameras/Camara07308.jpg?v=39983  width=300 height=220/><br/>QUEVEDO</div>
-3.69554323168411,40.4275889842274,0,<div align=center><img src=https://informo.madrid.es/cameras/Camara01321.jpg?v=39983  width=300 height=220/><br/>ALONSO MARTINEZ</div>
-3.68682184407938,40.4331108427897,0,<div align=center><img src=https://informo.madrid.es/cameras/Camara04310.jpg?v=39983  width=300 height=220/><br/>SERRANO - JUAN BRAVO</div>
-3.69208721525549,40.4415004497139,0,<div align=center><img src=https://informo.madrid.es/cameras/Camara07301.jpg?v=39983  width=300 height=220/><br/>SAN JUAN DE LA CRUZ</div>
-3.70431105084027,40.4386519670048,0,<div align=center><img src=https://informo.madrid.es/cameras/Camara07312.jpg?v=39983  width=300 height=220/><br/>BRAVO MURILLO - JOSE ABASCAL</div>
-3.70399519664177,40.4421976843761,0,<div align=center><img src=https://informo.madrid.es/cameras/Camara07307.jpg?v=39983  width=300 height=220/><br/>JUAN ZORRILLA</div>
-3.68441648165817,40.4208869217821,0,<div align=center><img src=https://informo.madrid.es/cameras/Camara04308.jpg?v=39983  width=300 height=220/><br/>ALCALA - VELAZQUEZ</div>
-3.69383605438619,40.4151876298632,0,<div align=center><img src=https://informo.madrid.es/cameras/Camara01303.jpg?v=39983  width=300 height=220/><br/>NEPTUNO</div>
-3.72412704749693,40.4141769836337,0,<div align=center><img src=https://informo.madrid.es/cameras/Camara10302.jpg?v=39983  width=300 height=220/><br/>PUENTE DE SEGOVIA</div>
-3.71590574066187,40.3978141759504,0,<div align=center><img src=https://informo.madrid.es/cameras/Camara11307.jpg?v=39983  width=300 height=220/><br/>MARQUES DE VADILLO</div>
-3.66416986983818,40.4202318046233,0,<div align=center><img src=https://informo.madrid.es/cameras/Camara04302.jpg?v=39983  width=300 height=220/><br/>TORRE ESPAÑA - M30</div>
-3.66417851341475,40.4202162172987,0,<div align=center><img src=https://informo.madrid.es/cameras/Camara04303.jpg?v=39983  width=300 height=220/><br/>TORRE ESPAÑA - DOCTOR ESQUERDO</div>
-3.66653120075293,40.4057679556986,0,<div align=center><img src=https://informo.madrid.es/cameras/Camara03306.jpg?v=39983  width=300 height=220/><br/>ANTORCHA NORTE</div>
-3.66656152725347,40.4057225773378,0,<div align=center><img src=https://informo.madrid.es/cameras/Camara03307.jpg?v=39983  width=300 height=220/><br/>ANTORCHA SUR</div>
-3.5828908885005,40.4445786103989,0,<div align=center><img src=https://informo.madrid.es/cameras/Camara20308.jpg?v=39983  width=300 height=220/><br/>CAMPEZO - SAMANIEGO</div>
-3.71298613029766,40.4193356999735,0,<div align=center><img src=https://informo.madrid.es/cameras/Camara01308.jpg?v=39983  width=300 height=220/><br/>TUNEL BAILEN</div>
-3.71308334219788,40.4193617577041,0,<div align=center><img src=https://informo.madrid.es/cameras/Camara01309.jpg?v=39983  width=300 height=220/><br/>TUNEL BAILEN III</div>
-3.71306607448308,40.4176798360947,0,<div align=center><img src=https://informo.madrid.es/cameras/Camara01310.jpg?v=39983  width=300 height=220/><br/>TUNEL BAILEN I</div>
-3.71327474163431,40.4175474803144,0,<div align=center><img src=https://informo.madrid.es/cameras/Camara01311.jpg?v=39983  width=300 height=220/><br/>TUNEL BAILEN II</div>
-3.72052884948616,40.4765166846076,0,<div align=center><img src=https://informo.madrid.es/cameras/Camara08317.jpg?v=39983  width=300 height=220/><br/>M30 - PK27+800 D (SALVADOR MAELLA)</div>
-3.67672677513625,40.3924259771051,0,<div align=center><img src=https://informo.madrid.es/cameras/Camara02308.jpg?v=39983  width=300 height=220/><br/>M30 - PK10+900 C (MENDEZ ALVARO)</div>
-3.73405326511502,40.4264887245659,0,<div align=center><img src=https://informo.madrid.es/cameras/Camara09309.jpg?v=39983  width=300 height=220/><br/>M30 - PK19+700 D (MARQUES DE MONISTROL)</div>
-3.73890775169405,40.4346488208148,0,<div align=center><img src=https://informo.madrid.es/cameras/Camara09310.jpg?v=39983  width=300 height=220/><br/>M30 - PK20+700 D (PUENTE DE LOS FRANCESES)</div>
-3.75388390493238,40.3620757350818,0,<div align=center><img src=https://informo.madrid.es/cameras/Camara10309.jpg?v=39983  width=300 height=220/><br/>PESETA - CARABANCHEL ALTO</div>
-3.66421711572923,40.4838688702002,0,<div align=center><img src=https://informo.madrid.es/cameras/Camara15302.jpg?v=39983  width=300 height=220/><br/>M-11 - CONDE MAYALDE</div>
-3.66373168155164,40.4832996639864,0,<div align=center><img src=https://informo.madrid.es/cameras/Camara15301.jpg?v=39983  width=300 height=220/><br/>M-11 - ARTURO SORIA</div>
-3.71674428829043,40.4857739012734,0,<div align=center><img src=https://informo.madrid.es/cameras/Camara08309.jpg?v=39983  width=300 height=220/><br/>VENTISQUERO DE LA CONDESA</div>
-3.69289138703954,40.3516156532895,0,<div align=center><img src=https://informo.madrid.es/cameras/Camara17301.jpg?v=39983  width=300 height=220/><br/>AV ANDALUCIA - ALCOCER</div>
-3.66487905008187,40.5047727461688,0,<div align=center><img src=https://informo.madrid.es/cameras/Camara08313.jpg?v=39983  width=300 height=220/><br/>PALAS DEL REY - VALCARLOS</div>
-3.64964227959373,40.4946309486061,0,<div align=center><img src=https://informo.madrid.es/cameras/Camara16316.jpg?v=39983  width=300 height=220/><br/>NICETO A. ZAMORA - EMILIO HERRERA</div>
-3.76556743966716,40.3730556578857,0,<div align=center><img src=https://informo.madrid.es/cameras/Camara10307.jpg?v=39983  width=300 height=220/><br/>AV AVIACION - JOAQUIN TURINA</div>
-3.66596263436384,40.403651557445,0,<div align=center><img src=https://informo.madrid.es/cameras/Camara13305.jpg?v=39983  width=300 height=220/><br/>M30 - PK09+350 D (A3)</div>
-3.6551592978091,40.4107049430342,0,<div align=center><img src=https://informo.madrid.es/cameras/Camara14303.jpg?v=39983  width=300 height=220/><br/>VINATEROS - MEDIA LEGUA</div>
-3.60967908068689,40.3685723045833,0,<div align=center><img src=https://informo.madrid.es/cameras/Camara18303.jpg?v=39983  width=300 height=220/><br/>ENSANCHE VALLECAS - PEÑARANDA DE BRACAMONTE</div>
-3.69111882683206,40.4789110413546,0,<div align=center><img src=https://informo.madrid.es/cameras/Camara08316.jpg?v=39983  width=300 height=220/><br/>MONFORTE DE LEMOS - PEDRO RICO</div>
-3.68916470090093,40.4748636501762,0,<div align=center><img src=https://informo.madrid.es/cameras/Camara08315.jpg?v=39983  width=300 height=220/><br/>MONFORTE DE LEMOS - SINESIO DELGADO</div>
-3.64077197765198,40.4416174030438,0,<div align=center><img src=https://informo.madrid.es/cameras/Camara15319.jpg?v=39983  width=300 height=220/><br/>ARTURO SORIA - JOSE DEL HIERRO</div>
-3.71403239385324,40.410233366347,0,<div align=center><img src=https://informo.madrid.es/cameras/Camara01307.jpg?v=39983  width=300 height=220/><br/>BAILEN - SAN FRANCISCO EL GRANDE</div>
-3.68364710588772,40.4067575616644,0,<div align=center><img src=https://informo.madrid.es/cameras/Camara03313.jpg?v=39983  width=300 height=220/><br/>REINA CRISTNA - J. GAYARRE</div>
-3.71760936339191,40.3850864445122,0,<div align=center><img src=https://informo.madrid.es/cameras/Camara11302.jpg?v=39983  width=300 height=220/><br/>PLAZA FERNANDEZ LADREDA</div>
-3.66966496355964,40.3984502661488,0,<div align=center><img src=https://informo.madrid.es/cameras/Camara13301.jpg?v=39983  width=300 height=220/><br/>M30 - PK10+000 C (CIUDAD DE BARCELONA)</div>
-3.71172786377166,40.4302710763766,0,<div align=center><img src=https://informo.madrid.es/cameras/Camara07311.jpg?v=39983  width=300 height=220/><br/>ALBERTO AGUILERA - MÁRTIRES DE ALCALÁ</div>
-3.64013452689016,40.3943923770882,0,<div align=center><img src=https://informo.madrid.es/cameras/Camara13304.jpg?v=39983  width=300 height=220/><br/>PABLO NERUDA - FUENTE CARRANTONA</div>
-3.6253224901263,40.3833904680728,0,<div align=center><img src=https://informo.madrid.es/cameras/Camara18301.jpg?v=39983  width=300 height=220/><br/>ALBUFERA - DEMOCRACIA</div>
-3.66871138009731,40.4245226477132,0,<div align=center><img src=https://informo.madrid.es/cameras/Camara04304.jpg?v=39983  width=300 height=220/><br/>GOYA - DOCTOR ESQUERDO</div>
-3.71447722530376,40.4006226293067,0,<div align=center><img src=https://informo.madrid.es/cameras/Camara02310.jpg?v=39983  width=300 height=220/><br/>PIRAMIDES</div>
-3.72059622646489,40.4041209229378,0,<div align=center><img src=https://informo.madrid.es/cameras/Camara11310.jpg?v=39983  width=300 height=220/><br/>MELANCOLICOS</div>
-3.72085481645511,40.413965827844,0,<div align=center><img src=https://informo.madrid.es/cameras/Camara01312.jpg?v=39983  width=300 height=220/><br/>VIRGEN DEL PUERTO - PUENTE DE SEGOVIA</div>
-3.6862269715792,40.4379400160201,0,<div align=center><img src=https://informo.madrid.es/cameras/Camara04309.jpg?v=39983  width=300 height=220/><br/>MARIA DE MOLINA - SERRANO</div>
-3.6511381676961,40.4494053747709,0,<div align=center><img src=https://informo.madrid.es/cameras/Camara15304.jpg?v=39983  width=300 height=220/><br/>ARTURO SORIA - GREGORIO BENITEZ</div>
-3.68295411554663,40.4377536763851,0,<div align=center><img src=https://informo.madrid.es/cameras/Camara04311.jpg?v=39983  width=300 height=220/><br/>VELAZQUEZ - MARIA DE MOLINA</div>
-3.68872795853866,40.4305915676197,0,<div align=center><img src=https://informo.madrid.es/cameras/Camara07303.jpg?v=39983  width=300 height=220/><br/>CASTELLANA - JOSE ORTEGA Y GASSET</div>
-3.69923151686566,40.4009280532517,0,<div align=center><img src=https://informo.madrid.es/cameras/Camara02305.jpg?v=39983  width=300 height=220/><br/>SANTA MARIA DE LA CABEZA</div>
-3.72167810663169,40.4372667568143,0,<div align=center><img src=https://informo.madrid.es/cameras/Camara09304.jpg?v=39983  width=300 height=220/><br/>FARO MONCLOA - PRINCESA</div>
-3.72172006759321,40.4372661534638,0,<div align=center><img src=https://informo.madrid.es/cameras/Camara09305.jpg?v=39983  width=300 height=220/><br/>FARO MONCLOA - A6</div>
-3.7293943944027,40.4143551026534,0,<div align=center><img src=https://informo.madrid.es/cameras/Camara10319.jpg?v=39983  width=300 height=220/><br/>AV DE PORTUGAL - PUERTA DEL ANGEL</div>
-3.73178741461319,40.3884080927332,0,<div align=center><img src=https://informo.madrid.es/cameras/Camara11309.jpg?v=39983  width=300 height=220/><br/>GENERAL RICARDOS - OCA</div>
-3.66773733699182,40.4589230186244,0,<div align=center><img src=https://informo.madrid.es/cameras/Camara05303.jpg?v=39983  width=300 height=220/><br/>COSTA RICA - JOSÉ MARIA SOLER</div>
-3.65380697696926,40.3916381745692,0,<div align=center><img src=https://informo.madrid.es/cameras/Camara13302.jpg?v=39983  width=300 height=220/><br/>ALBUFERA - BUENOS AIRES</div>
-3.71748288697177,40.4825133436259,0,<div align=center><img src=https://informo.madrid.es/cameras/Camara08310.jpg?v=39983  width=300 height=220/><br/>HERRERA ORIA - ISLA DE AROSA</div>
-3.70419310325823,40.4794013004621,0,<div align=center><img src=https://informo.madrid.es/cameras/Camara08311.jpg?v=39983  width=300 height=220/><br/>GINZO DE LIMIA - MONFORTE DE LEMOS</div>
-3.71302899940183,40.4802449927643,0,<div align=center><img src=https://informo.madrid.es/cameras/Camara08303.jpg?v=39983  width=300 height=220/><br/>M30 - PK28+500 C (BETANZOS)</div>
-3.70834772875158,40.4471143818412,0,<div align=center><img src=https://informo.madrid.es/cameras/Camara06309.jpg?v=39983  width=300 height=220/><br/>REINA VICTORIA - PABLO IGLESIAS</div>
-3.70166784379408,40.4574207484658,0,<div align=center><img src=https://informo.madrid.es/cameras/Camara06310.jpg?v=39983  width=300 height=220/><br/>BRAVO MURILLO - SAN GERMAN</div>
-3.70220739398887,40.4738403675146,0,<div align=center><img src=https://informo.madrid.es/cameras/Camara08312.jpg?v=39983  width=300 height=220/><br/>SINESIO DELGADO - GINZO DE LIMIA</div>
-3.65641825882976,40.4557585589879,0,<div align=center><img src=https://informo.madrid.es/cameras/Camara15303.jpg?v=39983  width=300 height=220/><br/>ARTURO SORIA - JOSE SILVA</div>
-3.66755949796724,40.4522480942437,0,<div align=center><img src=https://informo.madrid.es/cameras/Camara05307.jpg?v=39983  width=300 height=220/><br/>RAMON Y CAJAL - ALFONSO XIII</div>
-3.7219935472809,40.4287540905853,0,<div align=center><img src=https://informo.madrid.es/cameras/Camara09306.jpg?v=39983  width=300 height=220/><br/>MARQUES DE URQUIJO - PINTOR ROSALES</div>
-3.67868084652383,40.4076896421648,0,<div align=center><img src=https://informo.madrid.es/cameras/Camara03302.jpg?v=39983  width=300 height=220/><br/>MARIANO DE CAVIA - M. PELAYO</div>
-3.69507802449755,40.3755693664418,0,<div align=center><img src=https://informo.madrid.es/cameras/Camara12302.jpg?v=39983  width=300 height=220/><br/>GTA DE MALAGA</div>
-3.73604829552557,40.4730709329769,0,<div align=center><img src=https://informo.madrid.es/cameras/Camara08318.jpg?v=39983  width=300 height=220/><br/>M30 - PK26+500 C (AV ILUSTRACION)</div>
-3.66619102334593,40.4949327249723,0,<div align=center><img src=https://informo.madrid.es/cameras/Camara16306.jpg?v=39983  width=300 height=220/><br/>F. PI Y MARGALL - A1</div>
-3.69873245176535,40.4900013095212,0,<div align=center><img src=https://informo.madrid.es/cameras/Camara08308.jpg?v=39983  width=300 height=220/><br/>HERRERA ORIA - M607</div>
-3.61700383129781,40.4585892509038,0,<div align=center><img src=https://informo.madrid.es/cameras/Camara16301.jpg?v=39983  width=300 height=220/><br/>LOS ANDES - M40</div>
-3.62356284237662,40.4419519245505,0,<div align=center><img src=https://informo.madrid.es/cameras/Camara20306.jpg?v=39983  width=300 height=220/><br/>ALCALA - 25 DE SEPTIEMBRE</div>
-3.6262760555862,40.4476300554801,0,<div align=center><img src=https://informo.madrid.es/cameras/Camara20307.jpg?v=39983  width=300 height=220/><br/>RICARDO VELAZQUEZ BOSCO</div>
-3.65421010155642,40.4669098830069,0,<div align=center><img src=https://informo.madrid.es/cameras/Camara16305.jpg?v=39983  width=300 height=220/><br/>LUIS ROSALES</div>
-3.64659856893002,40.4684081000148,0,<div align=center><img src=https://informo.madrid.es/cameras/Camara16304.jpg?v=39983  width=300 height=220/><br/>FERNANDEZ ORDOÑEZ</div>
-3.63836857164805,40.476523545986,0,<div align=center><img src=https://informo.madrid.es/cameras/Camara16327.jpg?v=39983  width=300 height=220/><br/>GREGORIO SANCHEZ HERRAES - M40</div>
-3.74152941892531,40.4488347678587,0,<div align=center><img src=https://informo.madrid.es/cameras/Camara08307.jpg?v=39983  width=300 height=220/><br/>M30 - PK22+400 D (VETERINARIA)</div>
-3.75042423866799,40.4689655801023,0,<div align=center><img src=https://informo.madrid.es/cameras/Camara08306.jpg?v=39983  width=300 height=220/><br/>M30 - PK24+800 D (ARROYO DEL FRESNO)</div>
-3.74817912543411,40.4745147317434,0,<div align=center><img src=https://informo.madrid.es/cameras/Camara08305.jpg?v=39983  width=300 height=220/><br/>M30 - PK25+000 C (NUDO M-40)</div>
-3.68736447015628,40.4739870077803,0,<div align=center><img src=https://informo.madrid.es/cameras/Camara06302.jpg?v=39983  width=300 height=220/><br/>CASTELLANA - SINESIO DELGADO</div>
-3.67979696748537,40.4295195084571,0,<div align=center><img src=https://informo.madrid.es/cameras/Camara04313.jpg?v=39983  width=300 height=220/><br/>MARQUES DE SALAMANCA</div>
-3.69123399594272,40.446473189837,0,<div align=center><img src=https://informo.madrid.es/cameras/Camara06307.jpg?v=39983  width=300 height=220/><br/>CASTELLANA - R. FDEZ VILLAVERDE</div>
-3.69474455396037,40.394460575941,0,<div align=center><img src=https://informo.madrid.es/cameras/Camara02303.jpg?v=39983  width=300 height=220/><br/>BEATA MARIA DE JESUS</div>
-3.6802354830712,40.3956240202939,0,<div align=center><img src=https://informo.madrid.es/cameras/Camara02306.jpg?v=39983  width=300 height=220/><br/>MENDEZ ALVARO - PEDRO BOSCH</div>
-3.62756168186269,40.4143742504454,0,<div align=center><img src=https://informo.madrid.es/cameras/Camara14302.jpg?v=39983  width=300 height=220/><br/>FUENTE CARRANTONA - O'DONNELL</div>
-3.63126933651617,40.4076381696573,0,<div align=center><img src=https://informo.madrid.es/cameras/Camara14301.jpg?v=39983  width=300 height=220/><br/>FUENTE CARRANTONA - GARCIA TAPIA</div>
-3.62263706811027,40.454459044628,0,<div align=center><img src=https://informo.madrid.es/cameras/Camara16302.jpg?v=39983  width=300 height=220/><br/>LOS ANDES - MACHUPICHU</div>
-3.64388450158001,40.3891415056695,0,<div align=center><img src=https://informo.madrid.es/cameras/Camara13303.jpg?v=39983  width=300 height=220/><br/>ALBUFERA - PABLO NERUDA</div>
-3.7616499842713,40.3857042569999,0,<div align=center><img src=https://informo.madrid.es/cameras/Camara10306.jpg?v=39983  width=300 height=220/><br/>AV POBLADOS - LAS AGUILAS</div>
-3.6697968983246,40.4115766758191,0,<div align=center><img src=https://informo.madrid.es/cameras/Camara03304.jpg?v=39983  width=300 height=220/><br/>DOCTOR ESQUERDO - NAZARET</div>
-3.67767457554995,40.4487783765525,0,<div align=center><img src=https://informo.madrid.es/cameras/Camara05305.jpg?v=39983  width=300 height=220/><br/>PLAZA DE CATALUÑA</div>
-3.69402554488404,40.4859047008195,0,<div align=center><img src=https://informo.madrid.es/cameras/Camara08301.jpg?v=39983  width=300 height=220/><br/>M30 - PK30+500 C (M607)</div>
-3.72814535583846,40.4229444022489,0,<div align=center><img src=https://informo.madrid.es/cameras/Camara09311.jpg?v=39983  width=300 height=220/><br/>M30 - PK19+000 D (SAN POL DE MAR)</div>
-3.71180572384229,40.471107847124,0,<div align=center><img src=https://informo.madrid.es/cameras/Camara08314.jpg?v=39983  width=300 height=220/><br/>PIEDRAFITA</div>
-3.62379090298775,40.4182283309521,0,<div align=center><img src=https://informo.madrid.es/cameras/Camara20302.jpg?v=39983  width=300 height=220/><br/>ALSACIA</div>
-3.68873616586719,40.4349356071215,0,<div align=center><img src=https://informo.madrid.es/cameras/Camara07304.jpg?v=39983  width=300 height=220/><br/>EMILIO CASTELAR</div>
-3.68395131585049,40.4252254718021,0,<div align=center><img src=https://informo.madrid.es/cameras/Camara04314.jpg?v=39983  width=300 height=220/><br/>GOYA - VELAZQUEZ</div>
-3.68421152438939,40.4250598496886,0,<div align=center><img src=https://informo.madrid.es/cameras/Camara04315.jpg?v=39983  width=300 height=220/><br/>VELAZQUEZ - GOYA</div>
-3.66027001272525,40.4317687029554,0,<div align=center><img src=https://informo.madrid.es/cameras/Camara15307.jpg?v=39983  width=300 height=220/><br/>M30 - PK06+000 D (ALCALA)</div>
-3.69862464728239,40.4605598420622,0,<div align=center><img src=https://informo.madrid.es/cameras/Camara06311.jpg?v=39983  width=300 height=220/><br/>BRAVO MURILLO - SOR ANGELA DE LA CRUZ</div>
-3.61107227403309,40.4211709422502,0,<div align=center><img src=https://informo.madrid.es/cameras/Camara20303.jpg?v=39983  width=300 height=220/><br/>AQUITANIA - AJALVIR A VICALVARO</div>
-3.60655910102406,40.4354876571773,0,<div align=center><img src=https://informo.madrid.es/cameras/Camara20304.jpg?v=39983  width=300 height=220/><br/>PLAZA DE GRECIA</div>
-3.61206624650029,40.4345634117235,0,<div align=center><img src=https://informo.madrid.es/cameras/Camara20305.jpg?v=39983  width=300 height=220/><br/>ARCENTALES - CANILLEJAS A VICALVARO</div>
-3.62831821945704,40.4245026553321,0,<div align=center><img src=https://informo.madrid.es/cameras/Camara20301.jpg?v=39983  width=300 height=220/><br/>ARCENTALES - GARCÍA NOBLEJAS</div>
-3.6942382233272,40.3974317962423,0,<div align=center><img src=https://informo.madrid.es/cameras/Camara02301.jpg?v=39983  width=300 height=220/><br/>DELICIAS-TOMAS BRETON</div>
-3.69055635917563,40.4048742254318,0,<div align=center><img src=https://informo.madrid.es/cameras/Camara02302.jpg?v=39983  width=300 height=220/><br/>MENDEZ ALVARO . GRAL. LACY</div>
-3.69917659333754,40.3878445242957,0,<div align=center><img src=https://informo.madrid.es/cameras/Camara12301.jpg?v=39983  width=300 height=220/><br/>GTA DE CADIZ</div>
-3.70611049020367,40.3931470251125,0,<div align=center><img src=https://informo.madrid.es/cameras/Camara11303.jpg?v=39983  width=300 height=220/><br/>SANTA MARIA DE LA CABEZA - ANTONIO LOPEZ</div>
-3.69596372391544,40.3853600489275,0,<div align=center><img src=https://informo.madrid.es/cameras/Camara12309.jpg?v=39983  width=300 height=220/><br/>ANTONIO LOPEZ - VADO</div>
-3.72007341440265,40.3696565546441,0,<div align=center><img src=https://informo.madrid.es/cameras/Camara12304.jpg?v=39983  width=300 height=220/><br/>A42 - PK5+000 (AV POBLADOS)</div>
-3.71950648988237,40.3739016317604,0,<div align=center><img src=https://informo.madrid.es/cameras/Camara12307.jpg?v=39983  width=300 height=220/><br/>AV POBLADOS - A42</div>
-3.71232185696519,40.3734222062276,0,<div align=center><img src=https://informo.madrid.es/cameras/Camara12306.jpg?v=39983  width=300 height=220/><br/>AV POBLADOS - RAFAELA YBARRA</div>
-3.69436528337476,40.3708211308595,0,<div align=center><img src=https://informo.madrid.es/cameras/Camara12305.jpg?v=39983  width=300 height=220/><br/>AV ANDALUCIA - AV POBLADOS</div>
-3.71009141538884,40.3906444966537,0,<div align=center><img src=https://informo.madrid.es/cameras/Camara12303.jpg?v=39983  width=300 height=220/><br/>A42 - PK2+000 (ANTONIO LOPEZ)</div>
-3.69396814398249,40.3642146867766,0,<div align=center><img src=https://informo.madrid.es/cameras/Camara12308.jpg?v=39983  width=300 height=220/><br/>AV ANDALUCIA - M40</div>
-3.69935620035459,40.417954778044,0,<div align=center><img src=https://informo.madrid.es/cameras/Camara01316.jpg?v=39983  width=300 height=220/><br/>ALCALA - SEVILLA</div>
-3.69975868513452,40.4197412324238,0,<div align=center><img src=https://informo.madrid.es/cameras/Camara01315.jpg?v=39983  width=300 height=220/><br/>GRAN VIA - CLAVEL</div>
-3.58143003603218,40.4691607831339,0,<div align=center><img src=https://informo.madrid.es/cameras/Camara21301.jpg?v=39983  width=300 height=220/><br/>AV LOGROÑO</div>
-3.6743438808406,40.4671795472619,0,<div align=center><img src=https://informo.madrid.es/cameras/Camara05309.jpg?v=39983  width=300 height=220/><br/>PIO XII - MEMORIAL</div>
-3.74990064698377,40.3765005891021,0,<div align=center><img src=https://informo.madrid.es/cameras/Camara10308.jpg?v=39983  width=300 height=220/><br/>AV POBLADOS - EUGENIA DE MONTIJO</div>
-3.67213428975523,40.4710344657796,0,<div align=center><img src=https://informo.madrid.es/cameras/Camara05301.jpg?v=39983  width=300 height=220/><br/>M30 - PK01+500 C (PIO XII)</div>
-3.66490162389502,40.4602439566372,0,<div align=center><img src=https://informo.madrid.es/cameras/Camara05302.jpg?v=39983  width=300 height=220/><br/>M30 - PK02+900 D (COSTA RICA)</div>
-3.66566325833329,40.4062050476221,0,<div align=center><img src=https://informo.madrid.es/cameras/Camara03305.jpg?v=39983  width=300 height=220/><br/>M30 - PK09+100 C (AV MEDITERRANEO)</div>
-3.65870299437435,40.4186483667176,0,<div align=center><img src=https://informo.madrid.es/cameras/Camara04301.jpg?v=39983  width=300 height=220/><br/>M30 - PK07+600 D (O'DONNELL)</div>
-3.65952087194156,40.4446712905133,0,<div align=center><img src=https://informo.madrid.es/cameras/Camara15306.jpg?v=39983  width=300 height=220/><br/>M30 - PK04+700 D (AV AMERICA)</div>
-3.70451610535889,40.4819491011951,0,<div align=center><img src=https://informo.madrid.es/cameras/Camara08302.jpg?v=39983  width=300 height=220/><br/>M30 - PK29+800 C (REALES ACADEMIAS)</div>
-3.72759053880321,40.4728310237106,0,<div align=center><img src=https://informo.madrid.es/cameras/Camara08304.jpg?v=39983  width=300 height=220/><br/>M30 - PK27+250 C (ISAAC RABIN)</div>
-3.73384844330134,40.3737996875754,0,<div align=center><img src=https://informo.madrid.es/cameras/Camara11301.jpg?v=39983  width=300 height=220/><br/>AV POBLADOS - VIA LUSITANA</div>
-3.6149193416598,40.3867801212278,0,<div align=center><img src=https://informo.madrid.es/cameras/Camara18304.jpg?v=39983  width=300 height=220/><br/>HOSPITAL DE VALLECAS</div>
-3.67383487662946,40.4842502114278,0,<div align=center><img src=https://informo.madrid.es/cameras/Camara16307.jpg?v=39983  width=300 height=220/><br/>M30 - PK00+000 C (MANOTERAS)</div>
-3.69340359300525,40.4129047170404,0,<div align=center><img src=https://informo.madrid.es/cameras/Camara01323.jpg?v=39983  width=300 height=220/><br/>PASEO DEL PRADO - HUERTAS</div>
-3.69156977082507,40.4221853516363,0,<div align=center><img src=https://informo.madrid.es/cameras/Camara01322.jpg?v=39983  width=300 height=220/><br/>RECOLETOS - ALMIRANTE</div>
-3.671609921812,40.4318037449321,0,<div align=center><img src=https://informo.madrid.es/cameras/Camara04316.jpg?v=39983  width=300 height=220/><br/>FRANCISCO SILVELA - AV DE LOS TOREROS</div>
-3.60858175543823,40.4492200202142,0,<div align=center><img src=https://informo.madrid.es/cameras/Camara20309.jpg?v=39983  width=300 height=220/><br/>M30 - PK06+000 D (ALCALA)</div>
-3.69199494558893,40.4088247427617,0,<div align=center><img src=https://informo.madrid.es/cameras/Camara01331.jpg?v=39983  width=300 height=220/><br/>T. ATOCHA -  CIUDAD DE BARCELONA</div>
-3.69341037171968,40.4075063499438,0,<div align=center><img src=https://informo.madrid.es/cameras/Camara01332.jpg?v=39983  width=300 height=220/><br/>T. ATOCHA - RONDA VALENCIA</div>
-3.71184263390804,40.4070283642133,0,<div align=center><img src=https://informo.madrid.es/cameras/Camara01319.jpg?v=39983  width=300 height=220/><br/>PTA DE TOLEDO - SAN FRANCISCO</div>
-3.71141188347022,40.4072821988773,0,<div align=center><img src=https://informo.madrid.es/cameras/Camara01330.jpg?v=39983  width=300 height=220/><br/>PTA TOLEDO - CALLE TOLEDO</div>
-3.63606528706361,40.4008816421402,0,<div align=center><img src=https://informo.madrid.es/cameras/Camara14304.jpg?v=39983  width=300 height=220/><br/>FUENTE CARRANTONA - PAVONES</div>
-3.71289238974273,40.4390500922993,0,<div align=center><img src=https://informo.madrid.es/cameras/Camara07309.jpg?v=39983  width=300 height=220/><br/>AV FILIPINAS - CEA BERMUDEZ</div>
-3.72467621339365,40.4053509390143,0,<div align=center><img src=https://informo.madrid.es/cameras/Camara10304.jpg?v=39983  width=300 height=220/><br/>ERMITA DEL SANTO - SAN CONRADO</div>
-3.77944276036352,40.4525248480484,0,<div align=center><img src=https://informo.madrid.es/cameras/Camara09312.jpg?v=75864  width=300 height=220/><br/>ARROYO POZUELO - CRTA HUMERA</div>
-3.66371261408021,40.367777305632,0,<div align=center><img src=https://informo.madrid.es/cameras/Camara13306.jpg?v=75864  width=300 height=220/><br/>MERCAMADRID TECNOLOGICO</div>
-3.69311403112182,40.4189623509677,0,<div align=center><img src=https://informo.madrid.es/cameras/Camara01324.jpg?v=75864  width=300 height=220/><br/>CIBELES 2</div>
-3.74094202082545,40.3929025079723,0,<div align=center><img src=https://informo.madrid.es/cameras/Camara11305.jpg?v=75864  width=300 height=220/><br/>N. SRA. VALVANERA - VIA CARPETANA</div>
-3.70228360048551,40.3977573545496,0,<div align=center><img src=https://informo.madrid.es/cameras/Camara02307.jpg?v=75864  width=300 height=220/><br/>SANTA MARIA DE LA CABEZA - ESPERANZA</div>
-3.61378546308108,40.3706003574835,0,<div align=center><img src=https://informo.madrid.es/cameras/Camara18305.jpg?v=75864  width=300 height=220/><br/>ENSANCHE VALLECAS - GAVIA</div>
-3.61319936511967,40.4222062549054,0,<div align=center><img src=https://informo.madrid.es/cameras/Camara20311.jpg?v=75864  width=300 height=220/><br/>GUADALAJARA - TOSCANA</div>
-3.62333895540511,40.4169090690885,0,<div align=center><img src=https://informo.madrid.es/cameras/Camara20310.jpg?v=75864  width=300 height=220/><br/>ALSACIA - AQUITANIA</div>
-3.6615278333932,40.4453457475838,0,<div align=center><img src=https://informo.madrid.es/cameras/Camara05311.jpg?v=75864  width=300 height=220/><br/>M30 - PK04+600C (Av. de América)</div>
-3.6824758853163,40.4828927269555,0,<div align=center><img src=https://informo.madrid.es/cameras/Camara05312.jpg?v=75864  width=300 height=220/><br/>M30 PK31+600 C</div>
-3.59159437754714,40.3599003920589,0,<div align=center><img src=https://informo.madrid.es/cameras/Camara18306.jpg?v=75864  width=300 height=220/><br/>ENSANCHE VALLECAS - GRAN VIA SURESTE</div>
-3.67468192298501,40.4760987242818,0,<div align=center><img src=https://informo.madrid.es/cameras/Camara05310.jpg?v=75864  width=300 height=220/><br/>M30 - PK00+900 C</div>
-3.59306511901547,40.46054054008,0,<div align=center><img src=https://informo.madrid.es/cameras/Camara21302.jpg?v=75864  width=300 height=220/><br/>AV LOGROÑO - BAHIA DE CADIZ</div>
-3.69280149865512,40.3414630815143,0,<div align=center><img src=https://informo.madrid.es/cameras/Camara17302.jpg?v=75864  width=300 height=220/><br/>AV ANDALUCIA - SAN CRISTOBAL</div>
-3.60396397975781,40.4240200736488,0,<div align=center><img src=https://informo.madrid.es/cameras/Camara20313.jpg?v=75864  width=300 height=220/><br/>GINEBRA - SUECIA</div>
-3.77420459948146,40.3967313941576,0,<div align=center><img src=https://informo.madrid.es/cameras/Camara11306.jpg?v=75864  width=300 height=220/><br/>AV POBLADOS - VILLAVICIOSA</div>
-3.63941422115586,40.4232333960769,0,<div align=center><img src=https://informo.madrid.es/cameras/Camara15308.jpg?v=75864  width=300 height=220/><br/>DAROCA - LARGO CABALLERO</div>
-3.68616469992965,40.4910328797468,0,<div align=center><img src=https://informo.madrid.es/cameras/Camara08319.jpg?v=75864  width=300 height=220/><br/>HERRERA ORIA - N. SRA. VALVERDE</div>
-3.6862740486794,40.380652085913,0,<div align=center><img src=https://informo.madrid.es/cameras/Camara02311.jpg?v=75864  width=300 height=220/><br/>M30 - PK12+500 C (NUDO SUR - A4)</div>
-3.65898087710185,40.4869466366154,0,<div align=center><img src=https://informo.madrid.es/cameras/Camara16309.jpg?v=75864  width=300 height=220/><br/>MANOTERAS - CONDE MAYALDE</div>
-3.60168115723861,40.3681416829336,0,<div align=center><img src=https://informo.madrid.es/cameras/Camara18302.jpg?v=75864  width=300 height=220/><br/>LAS SUERTES - LA GAVIA</div>
-3.67341670552222,40.4390471220064,0,<div align=center><img src=https://informo.madrid.es/cameras/Camara04317.jpg?v=75864  width=300 height=220/><br/>AV AMERICA - CARTAGENA</div>
-3.72397242904606,40.4918238877517,0,<div align=center><img src=https://informo.madrid.es/cameras/Camara08320.jpg?v=75864  width=300 height=220/><br/>AV ARROYO DEL MONTE - SENDA DEL INFANTE</div>
-3.72651854580146,40.439995825341,0,<div align=center><img src=https://informo.madrid.es/cameras/Camara09313.jpg?v=75864  width=300 height=220/><br/>CARDENAL CISNEROS</div>
-3.69756230979756,40.5025916447439,0,<div align=center><img src=https://informo.madrid.es/cameras/Camara08321.jpg?v=75864  width=300 height=220/><br/>MONTECARMELO - MONASTERIO SUSO YUSO</div>
-3.64811064128344,40.4331776994507,0,<div align=center><img src=https://informo.madrid.es/cameras/Camara15310.jpg?v=75864  width=300 height=220/><br/>ALCALA - LAGO CONSTANZA</div>
-3.63537557462152,40.462667863938,0,<div align=center><img src=https://informo.madrid.es/cameras/Camara16310.jpg?v=75864  width=300 height=220/><br/>SILVANO - MACHUPICHU</div>
-3.65624784220915,40.4225365108839,0,<div align=center><img src=https://informo.madrid.es/cameras/Camara15309.jpg?v=75864  width=300 height=220/><br/>MARQUES DE CORBERA - RICARDO ORTIZ</div>
-3.70581751458576,40.4295984016217,0,<div align=center><img src=https://informo.madrid.es/cameras/Camara01333.jpg?v=75864  width=300 height=220/><br/>GTA RUIZ JIMENEZ</div>
-3.65591622727829,40.4346127288799,0,<div align=center><img src=https://informo.madrid.es/cameras/Camara15311.jpg?v=75864  width=300 height=220/><br/>PLAZA JOSE BANUS</div>
-3.73476414459806,40.4341201162155,0,<div align=center><img src=https://informo.madrid.es/cameras/Camara09314.jpg?v=75864  width=300 height=220/><br/>PTE DE LOS FRANCESES - AV VALLADOLID</div>
-3.67576610387655,40.4723052873904,0,<div align=center><img src=https://informo.madrid.es/cameras/Camara05313.jpg?v=75864  width=300 height=220/><br/>AV BURGOS - PIO XII</div>
-3.7446955391277,40.3879370105194,0,<div align=center><img src=https://informo.madrid.es/cameras/Camara11311.jpg?v=75864  width=300 height=220/><br/>GLORIETA DEL EJERCITO</div>
-3.68011544899939,40.421854180601,0,<div align=center><img src=https://informo.madrid.es/cameras/Camara04318.jpg?v=75864  width=300 height=220/><br/>MENENDEZ PELAYO - O'DONNELL</div>
-3.6097958826721,40.4098135911148,0,<div align=center><img src=https://informo.madrid.es/cameras/Camara19301.jpg?v=75864  width=300 height=220/><br/>PLAZA DE LA VICALVARADA</div>
-3.67615805461547,40.4215214122775,0,<div align=center><img src=https://informo.madrid.es/cameras/Camara03308.jpg?v=75864  width=300 height=220/><br/>O'DONNELL - NARVAEZ</div>
-3.76702601163017,40.3990089373927,0,<div align=center><img src=https://informo.madrid.es/cameras/Camara10310.jpg?v=75864  width=300 height=220/><br/>CTRA BOADILLA DEL MONTE - CARABIAS</div>
-3.73956602001263,40.3845695972481,0,<div align=center><img src=https://informo.madrid.es/cameras/Camara11312.jpg?v=75864  width=300 height=220/><br/>GENERAL RICARDOS - MARCELINO CAMACHO</div>
-3.61953873065548,40.3972061927995,0,<div align=center><img src=https://informo.madrid.es/cameras/Camara19302.jpg?v=75864  width=300 height=220/><br/>JOSE PRAT - CORDEL PAVONES</div>
-3.7437134941009,40.3637437062297,0,<div align=center><img src=https://informo.madrid.es/cameras/Camara11313.jpg?v=75864  width=300 height=220/><br/>VIA LUSITANA - AV DE LA PESETA</div>
-3.70583891179341,40.3498042300503,0,<div align=center><img src=https://informo.madrid.es/cameras/Camara17303.jpg?v=75864  width=300 height=220/><br/>ALCOCER - AV REAL PINTO - VILLALONSO</div>
-3.64717854798268,40.4272607143562,0,<div align=center><img src=https://informo.madrid.es/cameras/Camara15312.jpg?v=75864  width=300 height=220/><br/>AV DAROCA - STA PRISCA - CEMENTERIO</div>
-3.6688505947086,40.3816779614045,0,<div align=center><img src=https://informo.madrid.es/cameras/Camara13308.jpg?v=75864  width=300 height=220/><br/>AV ENTREVIAS - LA MANCHA</div>
-3.6570275137738,40.4408157535109,0,<div align=center><img src=https://informo.madrid.es/cameras/Camara15313.jpg?v=75864  width=300 height=220/><br/>AV BADAJOZ - SALVADOR MADARIAGA</div>
-3.65791035900476,40.4710081175801,0,<div align=center><img src=https://informo.madrid.es/cameras/Camara16311.jpg?v=75864  width=300 height=220/><br/>ACCESO ESTACION HORTALEZA - AV SAN LUIS</div>
-3.66094267631849,40.4381637964732,0,<div align=center><img src=https://informo.madrid.es/cameras/Camara04319.jpg?v=75864  width=300 height=220/><br/>AV BRASILIA - AV BONN</div>
-3.66735050255565,40.4434917114467,0,<div align=center><img src=https://informo.madrid.es/cameras/Camara05314.jpg?v=75864  width=300 height=220/><br/>CORAZON MARIA - CANILLAS</div>
-3.69956658534205,40.4838570370042,0,<div align=center><img src=https://informo.madrid.es/cameras/Camara08322.jpg?v=75864  width=300 height=220/><br/>M30 - PK30+000 (ARZOBISPO MORCILLO)</div>
-3.77647692540259,40.3748523460537,0,<div align=center><img src=https://informo.madrid.es/cameras/Camara10311.jpg?v=75864  width=300 height=220/><br/>AV AVIACION - ALDEANUEVA DE LA VERA</div>
-3.71211253213426,40.385126849529,0,<div align=center><img src=https://informo.madrid.es/cameras/Camara12310.jpg?v=75864  width=300 height=220/><br/>MARCELO USERA - RAFAELA YBARRA</div>
-3.71345017239289,40.4149478310179,0,<div align=center><img src=https://informo.madrid.es/cameras/Camara01334.jpg?v=75864  width=300 height=220/><br/>BAILEN-MAYOR</div>
-3.67655804601578,40.472867692515,0,<div align=center><img src=https://informo.madrid.es/cameras/Camara05315.jpg?v=75864  width=300 height=220/><br/>PIO XII - AV BURGOS</div>
-3.68832412372811,40.3824453423973,0,"<div align=center><img src=https://informo.madrid.es/cameras/Camara02309.jpg?v=75864  width=300 height=220/><br/>M-30 NUDO SUR P.K. 12,5</div>"
-3.68533116194693,40.5073323273441,0,<div align=center><img src=https://informo.madrid.es/cameras/Camara08323.jpg?v=75864  width=300 height=220/><br/>NTRA. SRA. VALVERDE - M. ARLANZA</div>
-3.64713299584755,40.3989479600039,0,<div align=center><img src=https://informo.madrid.es/cameras/Camara14306.jpg?v=75864  width=300 height=220/><br/>A3 - PK 05+155 E</div>
-3.65897711919387,40.5038585744937,0,<div align=center><img src=https://informo.madrid.es/cameras/Camara08324.jpg?v=75864  width=300 height=220/><br/>A1 - PK 12+026 E</div>
-3.74106706873687,40.3677933697632,0,<div align=center><img src=https://informo.madrid.es/cameras/Camara11314.jpg?v=75864  width=300 height=220/><br/>VIA LUSITANA - AGUACATE</div>
-3.68571299881316,40.5163587068471,0,<div align=center><img src=https://informo.madrid.es/cameras/Camara08325.jpg?v=75864  width=300 height=220/><br/>M607 - PK12+970 E</div>
-3.77930602849782,40.4629059268475,0,<div align=center><img src=https://informo.madrid.es/cameras/Camara09315.jpg?v=75864  width=300 height=220/><br/>A6 - PK 09+800 E</div>
-3.77141387210447,40.3938085348633,0,<div align=center><img src=https://informo.madrid.es/cameras/Camara10312.jpg?v=75864  width=300 height=220/><br/>A5 - PK 6+600 E (AV POBLADOS)</div>
-3.67999069707902,40.3723050468375,0,<div align=center><img src=https://informo.madrid.es/cameras/Camara13310.jpg?v=75864  width=300 height=220/><br/>A4 - PK 05+400 E</div>
-3.70792579444456,40.4213954729926,0,<div align=center><img src=https://informo.madrid.es/cameras/Camara01335.jpg?v=75864  width=300 height=220/><br/>GRAN VIA - SAN BERNARDO</div>
-3.68066967329419,40.4042368677112,0,<div align=center><img src=https://informo.madrid.es/cameras/Camara03309.jpg?v=75864  width=300 height=220/><br/>AV CIUDAD BARCELONA - MENENDEZ PELAYO</div>
-3.67489615086937,40.4349305303449,0,<div align=center><img src=https://informo.madrid.es/cameras/Camara04320.jpg?v=75864  width=300 height=220/><br/>DIEGO DE LEON - FRANCISCO SILVELA</div>
-3.68376769612522,40.430173225874,0,<div align=center><img src=https://informo.madrid.es/cameras/Camara04321.jpg?v=75864  width=300 height=220/><br/>VELAZQUEZ - JOSE ORTEGA Y GASET</div>
-3.68870489704929,40.4206033485361,0,<div align=center><img src=https://informo.madrid.es/cameras/Camara04322.jpg?v=75864  width=300 height=220/><br/>PZ INDEPENDENCIA - SERRANO</div>
-3.68057595788645,40.440441382635,0,<div align=center><img src=https://informo.madrid.es/cameras/Camara05323.jpg?v=75864  width=300 height=220/><br/>GTA. LOPEZ DE HOYOS</div>
-3.70313500336684,40.4529500216313,0,<div align=center><img src=https://informo.madrid.es/cameras/Camara06313.jpg?v=75864  width=300 height=220/><br/>BRAVO MURILLO - ÁVILA</div>
-3.69862495088783,40.434694605352,0,<div align=center><img src=https://informo.madrid.es/cameras/Camara07310.jpg?v=75864  width=300 height=220/><br/>SANTA ENGRACIA - PINTOR SOROLLA</div>
-3.68637845649008,40.4991842881993,0,<div align=center><img src=https://informo.madrid.es/cameras/Camara08326.jpg?v=75864  width=300 height=220/><br/>NUESTRA SRA VALVERDE - AFUERAS VALVERDE</div>
-3.70991504517341,40.4851344686515,0,<div align=center><img src=https://informo.madrid.es/cameras/Camara08327.jpg?v=75864  width=300 height=220/><br/>CARDENAL HERRERA ORIA - GINZO DE LIMIA</div>
-3.68409719369014,40.4851302909588,0,<div align=center><img src=https://informo.madrid.es/cameras/Camara08328.jpg?v=75864  width=300 height=220/><br/>LLANO CASTELLANOS - MAURICIO LEGENDRE</div>
-3.66690236564622,40.5109897375835,0,<div align=center><img src=https://informo.madrid.es/cameras/Camara08329.jpg?v=75864  width=300 height=220/><br/>CAMINO DE SANTIAGO - PORTO MARÍN</div>
-3.67591052697848,40.5022259093677,0,<div align=center><img src=https://informo.madrid.es/cameras/Camara08330.jpg?v=75864  width=300 height=220/><br/>CASTIELLO DE JACA - PUENTE LA REINA</div>
-3.71520020689882,40.4289490133594,0,<div align=center><img src=https://informo.madrid.es/cameras/Camara09316.jpg?v=75864  width=300 height=220/><br/>PRINCESA - SERRANO JOVER</div>
-3.71841611336834,40.4273150244917,0,<div align=center><img src=https://informo.madrid.es/cameras/Camara09317.jpg?v=75864  width=300 height=220/><br/>FERRAZ - QUINTANA</div>
-3.72554173645758,40.4249694357525,0,<div align=center><img src=https://informo.madrid.es/cameras/Camara09318.jpg?v=75864  width=300 height=220/><br/>GTA SAN ANTONIO DE LA FLORIDA</div>
-3.73862206632168,40.4099431669945,0,<div align=center><img src=https://informo.madrid.es/cameras/Camara10313.jpg?v=75864  width=300 height=220/><br/>PASEO EXTREMADURA - FRANCISCO BRIZUELA</div>
-3.72355767068919,40.3935431010624,0,<div align=center><img src=https://informo.madrid.es/cameras/Camara11315.jpg?v=75864  width=300 height=220/><br/>GENERAL RICARDOS - CAMINO VIEJO LEGANES</div>
-3.72376702209834,40.3854223621052,0,<div align=center><img src=https://informo.madrid.es/cameras/Camara11316.jpg?v=75864  width=300 height=220/><br/>OPORTO - PORTALEGRE</div>
-3.7423299641474,40.3732029841046,0,<div align=center><img src=https://informo.madrid.es/cameras/Camara11317.jpg?v=75864  width=300 height=220/><br/>AV POBLADOS - SECOYA</div>
-3.66733971637406,40.3973489619218,0,<div align=center><img src=https://informo.madrid.es/cameras/Camara13311.jpg?v=75864  width=300 height=220/><br/>ALBUFERA - MONTEIGUELDO</div>
-3.65298654378498,40.381348866548,0,<div align=center><img src=https://informo.madrid.es/cameras/Camara13312.jpg?v=75864  width=300 height=220/><br/>BUENOS AIRES - PABLO NERUDA</div>
-3.66361481542804,40.3821196997675,0,<div align=center><img src=https://informo.madrid.es/cameras/Camara13313.jpg?v=75864  width=300 height=220/><br/>ASAMBLEA DE MADRID</div>
-3.65961848612103,40.3764660057986,0,<div align=center><img src=https://informo.madrid.es/cameras/Camara13314.jpg?v=75864  width=300 height=220/><br/>ENTREVÍAS - RONDA SUR</div>
-3.65824534225716,40.4104909664278,0,<div align=center><img src=https://informo.madrid.es/cameras/Camara14307.jpg?v=75864  width=300 height=220/><br/>CAMINO VINATEROS - CORREGIDOR DIEGO VALDERRABANOS</div>
-3.64613636777787,40.408067003884,0,<div align=center><img src=https://informo.madrid.es/cameras/Camara14308.jpg?v=75864  width=300 height=220/><br/>CAMINO VINATEROS - AV MORATALAZ</div>
-3.63425551607552,40.4330369654689,0,<div align=center><img src=https://informo.madrid.es/cameras/Camara15314.jpg?v=75864  width=300 height=220/><br/>ILE - JULIAN CAMARILLO</div>
-3.64384088662517,40.429423903327,0,<div align=center><img src=https://informo.madrid.es/cameras/Camara15315.jpg?v=75864  width=300 height=220/><br/>FRANCISCO VILLAESPESA - EZEQUIEL SOLANA</div>
-3.64409281916329,40.4576324073919,0,<div align=center><img src=https://informo.madrid.es/cameras/Camara16312.jpg?v=75864  width=300 height=220/><br/>MOSCATELAR - SILVANO</div>
-3.65893468463974,40.5006180313677,0,<div align=center><img src=https://informo.madrid.es/cameras/Camara16313.jpg?v=75864  width=300 height=220/><br/>NICETO ALCALA ZAMORA - MARÍA DE PORTUGAL</div>
-3.64810845897706,40.4837344488658,0,<div align=center><img src=https://informo.madrid.es/cameras/Camara16314.jpg?v=75864  width=300 height=220/><br/>NICETO ALCALA ZAMORA - EMT</div>
-3.67515523698498,40.3488444461609,0,<div align=center><img src=https://informo.madrid.es/cameras/Camara17304.jpg?v=75864  width=300 height=220/><br/>AV ROSALES - ZAFIRO</div>
-3.62436939613124,40.3814080913085,0,<div align=center><img src=https://informo.madrid.es/cameras/Camara18307.jpg?v=75864  width=300 height=220/><br/>SAN JAIME - JESUS DEL PINO</div>
-3.58238046047001,40.4758403357952,0,<div align=center><img src=https://informo.madrid.es/cameras/Camara21303.jpg?v=75864  width=300 height=220/><br/>AV LOGROÑO - PAJARONES</div>
-3.60304124910282,40.3992440565473,0,<div align=center><img src=https://informo.madrid.es/cameras/Camara19303.jpg?v=75864  width=300 height=220/><br/>MINERVA - AURORA BOREAL</div>
-3.66604382485338,40.4670914957143,0,<div align=center><img src=https://informo.madrid.es/cameras/Camara15318.jpg?v=75864  width=300 height=220/><br/>ARTURO SORIA - AÑASTRO</div>
-3.66756550343018,40.4663496792272,0,<div align=center><img src=https://informo.madrid.es/cameras/Camara05319.jpg?v=75864  width=300 height=220/><br/>M30 PK02+400D - SAGRADO CORAZON</div>
-3.67175057574646,40.4917593345837,0,<div align=center><img src=https://informo.madrid.es/cameras/Camara16315.jpg?v=75864  width=300 height=220/><br/>A1 - PK10+100E</div>
-3.66630040604208,40.4489066231937,0,<div align=center><img src=https://informo.madrid.es/cameras/Camara05317.jpg?v=75864  width=300 height=220/><br/>LOPEZ DE HOYOS - ALFONSO XIII</div>
-3.6663523244706,40.4490070212157,0,<div align=center><img src=https://informo.madrid.es/cameras/Camara05318.jpg?v=75864  width=300 height=220/><br/>LÓPEZ DE HOYOS - CORAZÓN DE MARÍA</div>
-3.66384507313014,40.4618906878572,0,<div align=center><img src=https://informo.madrid.es/cameras/Camara15317.jpg?v=75864  width=300 height=220/><br/>ARTURO SORIA - EMETERIO CASTAÑOS</div>
-3.65897922814275,40.4051283067728,0,<div align=center><img src=https://informo.madrid.es/cameras/Camara13317.jpg?v=75864  width=300 height=220/><br/>SIERRA TOLEDANA</div>
-3.68996926211941,40.3867895362457,0,<div align=center><img src=https://informo.madrid.es/cameras/Camara02312.jpg?v=75864  width=300 height=220/><br/>PLANETARIO EMBAJADORES</div>
-3.67647234908077,40.4115801480847,0,<div align=center><img src=https://informo.madrid.es/cameras/Camara03310.jpg?v=75864  width=300 height=220/><br/>MENENDEZ PELAYO - PLAZA NIÑO JESÚS</div>
-3.77740038561248,40.3642615092121,0,<div align=center><img src=https://informo.madrid.es/cameras/Camara10315.jpg?v=75864  width=300 height=220/><br/>Bº DE LA FORTUNA - PINAR SAN JOSE</div>
-3.69502596035371,40.4523425155143,0,<div align=center><img src=https://informo.madrid.es/cameras/Camara06314.jpg?v=75864  width=300 height=220/><br/>GENERAL PERON - ORENSE</div>
-3.71618127599255,40.4901206715704,0,<div align=center><img src=https://informo.madrid.es/cameras/Camara08334.jpg?v=75864  width=300 height=220/><br/>VENTISQUERO DE LA CONDESA - PORTERA DEL CURA</div>
-3.72051837312943,40.4712086149766,0,<div align=center><img src=https://informo.madrid.es/cameras/Camara08331.jpg?v=75864  width=300 height=220/><br/>ANTONIO MACHADO - VALLE DE MENA</div>
-3.6688027964132,40.4981118484398,0,<div align=center><img src=https://informo.madrid.es/cameras/Camara08332.jpg?v=75864  width=300 height=220/><br/>QUINTANAVIDES - FORESTA</div>
-3.67798991945315,40.5081870953342,0,<div align=center><img src=https://informo.madrid.es/cameras/Camara08333.jpg?v=75864  width=300 height=220/><br/>STO. DOMINGO DE LA CALZADA - CASTIELLO DE JACA</div>
-3.72804791633482,40.4481447200916,0,<div align=center><img src=https://informo.madrid.es/cameras/Camara09319.jpg?v=75864  width=300 height=220/><br/>AV COMPLUTENSE - PARANINFO - ANTONIO NOVAIS</div>
-3.73237255386224,40.4382851218764,0,<div align=center><img src=https://informo.madrid.es/cameras/Camara09320.jpg?v=75864  width=300 height=220/><br/>JUAN DE HERRERA - MART͍N FIERRO</div>
-3.65239182650725,40.4509218019204,0,<div align=center><img src=https://informo.madrid.es/cameras/Camara15316.jpg?v=75864  width=300 height=220/><br/>ARTURO SORIA - DIEGO AYLLON</div>
-3.6303875442991,40.3769874357041,0,<div align=center><img src=https://informo.madrid.es/cameras/Camara18308.jpg?v=75864  width=300 height=220/><br/>GTA VALDEPERDICES</div>
-3.71422780978537,40.3315557850406,0,<div align=center><img src=https://informo.madrid.es/cameras/Camara17305.jpg?v=75864  width=300 height=220/><br/>AV REAL DE PINTO - AV TOBALINA</div>
-3.74685788819195,40.3840790845591,0,<div align=center><img src=https://informo.madrid.es/cameras/Camara11319.jpg?v=75864  width=300 height=220/><br/>NTRA. SRA. FATIMA - NTRA. SRA. LUZ</div>
-3.74192714550153,40.3728656488284,0,<div align=center><img src=https://informo.madrid.es/cameras/Camara11318.jpg?v=75864  width=300 height=220/><br/>SECOYA - AV POBLADOS</div>
-3.63357051718817,40.3843406857371,0,<div align=center><img src=https://informo.madrid.es/cameras/Camara13315.jpg?v=75864  width=300 height=220/><br/>AV DE LA ALBUFERA - M-40 ESTE</div>
-3.59509638981506,40.403805183769,0,<div align=center><img src=https://informo.madrid.es/cameras/Camara19304.jpg?v=75864  width=300 height=220/><br/>VILLABLANCA - GRAN VIA DEL ESTE</div>
-3.61600271534155,40.463454259265,0,<div align=center><img src=https://informo.madrid.es/cameras/Camara21305.jpg?v=75864  width=300 height=220/><br/>AV PARTENON-AV CAPITAL DE ESPAÑA</div>
-3.69051644920119,40.4256693358544,0,<div align=center><img src=https://informo.madrid.es/cameras/Camara01301.jpg?v=75864  width=300 height=220/><br/>COLON</div>
-3.76346198589667,40.3999960571803,0,<div align=center><img src=https://informo.madrid.es/cameras/Camara10316.jpg?v=75864  width=300 height=220/><br/>A5 - CTRA. BOADILLA</div>
-3.71940418462156,40.4957345505403,0,<div align=center><img src=https://informo.madrid.es/cameras/Camara08335.jpg?v=75864  width=300 height=220/><br/>PRADERA DE SACERAL</div>
-3.60028795955883,40.4330085071683,0,<div align=center><img src=https://informo.madrid.es/cameras/Camara20314.jpg?v=75864  width=300 height=220/><br/>ARCENTALES-ESTADIO</div>
-3.68100999649692,40.45174331282,0,<div align=center><img src=https://informo.madrid.es/cameras/Camara05326.jpg?v=75864  width=300 height=220/><br/>SERRANO - CONCHA ESPINA</div>
-3.6691913523674,40.4162722660263,0,<div align=center><img src=https://informo.madrid.es/cameras/Camara03311.jpg?v=75864  width=300 height=220/><br/>DOCTOR ESQUERDO - SAINZ DE BARANDA</div>
-3.71925063312904,40.4656469075677,0,<div align=center><img src=https://informo.madrid.es/cameras/Camara09322.jpg?v=75864  width=300 height=220/><br/>ANTONIO MACHADO - SINESIO DELGADO</div>
-3.71141074055254,40.4574764709666,0,<div align=center><img src=https://informo.madrid.es/cameras/Camara06312.jpg?v=75864  width=300 height=220/><br/>GTA ROCIO DURCAL</div>
-3.67887310197703,40.4414281280491,0,<div align=center><img src=https://informo.madrid.es/cameras/Camara05316.jpg?v=75864  width=300 height=220/><br/>PRINCIPE VERGARA - LOPEZ DE HOYOS</div>
-3.68268862168383,40.4427977764915,0,<div align=center><img src=https://informo.madrid.es/cameras/Camara05322.jpg?v=75864  width=300 height=220/><br/>VELAZQUEZ - JOAQUIN COSTA</div>
-3.65127453449851,40.4870724135348,0,<div align=center><img src=https://informo.madrid.es/cameras/Camara16308.jpg?v=75864  width=300 height=220/><br/>PI MARGAL - PRINCIPE CARLOS</div>
-3.71305820445716,40.422232348297,0,<div align=center><img src=https://informo.madrid.es/cameras/Camara09323.jpg?v=75864  width=300 height=220/><br/>CUESTA SAN VICENTE - BAILEN 1</div>
-3.71326229798142,40.4218609896957,0,<div align=center><img src=https://informo.madrid.es/cameras/Camara09324.jpg?v=75864  width=300 height=220/><br/>CUESTA SAN VICENTE - BAILEN 2</div>
-3.71589367488431,40.424697230686,0,<div align=center><img src=https://informo.madrid.es/cameras/Camara09325.jpg?v=75864  width=300 height=220/><br/>FERRAZ - LUISA FERNANDA</div>
-3.65422755339084,40.404172969913,0,<div align=center><img src=https://informo.madrid.es/cameras/Camara13316.jpg?v=75864  width=300 height=220/><br/>EL BOSCO - MARUJA GARCÍA ROMERO</div>
-3.64267312439754,40.4845216617603,0,<div align=center><img src=https://informo.madrid.es/cameras/Camara16320.jpg?v=75864  width=300 height=220/><br/>JOSE L. FDEZ. DEL AMO</div>
-3.66055385775412,40.4913820750026,0,<div align=center><img src=https://informo.madrid.es/cameras/Camara16318.jpg?v=75864  width=300 height=220/><br/>PI MARGALL-ANA DE AUSTRIA</div>
-3.65689926454099,40.4890634880499,0,<div align=center><img src=https://informo.madrid.es/cameras/Camara16319.jpg?v=75864  width=300 height=220/><br/>PI MARGAL - ALCALDE M. TORRES</div>
-3.63282184169891,40.4866796850374,0,<div align=center><img src=https://informo.madrid.es/cameras/Camara16321.jpg?v=75864  width=300 height=220/><br/>FUERZAS ARMADAS - ROCÍO JURADO</div>
-3.62370473595821,40.4955505412947,0,<div align=center><img src=https://informo.madrid.es/cameras/Camara16326.jpg?v=75864  width=300 height=220/><br/>MARIA MERCEDES DE  BORBON-SECUNDINO ZUAZO</div>
-3.61880625058682,40.4822830655911,0,<div align=center><img src=https://informo.madrid.es/cameras/Camara16322.jpg?v=75864  width=300 height=220/><br/>GTA. ANTONIO PERPIÑÁ</div>
-3.61613452071854,40.495632209707,0,<div align=center><img src=https://informo.madrid.es/cameras/Camara16325.jpg?v=75864  width=300 height=220/><br/>GRA. FRANCISCO JAREÑO</div>
-3.60852130835182,40.4949222810245,0,<div align=center><img src=https://informo.madrid.es/cameras/Camara16324.jpg?v=75864  width=300 height=220/><br/>GRA. JOSE PAZ MAROTO</div>
-3.65410576732496,40.4974393082562,0,<div align=center><img src=https://informo.madrid.es/cameras/Camara16317.jpg?v=75864  width=300 height=220/><br/>NICETO A. ZAMORA - ANA DE AUSTRIA</div>
-3.6084330465517,40.4850904876097,0,<div align=center><img src=https://informo.madrid.es/cameras/Camara16323.jpg?v=75864  width=300 height=220/><br/>FRAGA - JOSE ANTONIO CORRALES</div>
-3.67936855014394,40.4360530902301,0,<div align=center><img src=https://informo.madrid.es/cameras/Camara04323.jpg?v=75864  width=300 height=220/><br/>PRINCIPE DE VERGARA - GENERAL ORAA</div>
-3.68849303679509,40.4066712472166,0,<div align=center><img src=https://informo.madrid.es/cameras/Camara03301.jpg?v=75864  width=300 height=220/><br/>ALFONSO XII - CIUDAD DE BARCELONA</div>
-3.68508947463532,40.4056700427818,0,<div align=center><img src=https://informo.madrid.es/cameras/Camara03312.jpg?v=75864  width=300 height=220/><br/>CDAD DE BARCELONA - BASILICA ATOCHA</div>
-3.67585228259416,40.4809750023532,0,<div align=center><img src=https://informo.madrid.es/cameras/Camara05324.jpg?v=75864  width=300 height=220/><br/>AV BURGOS - AV SAN LUIS</div>
-3.74157075878951,40.4769031732665,0,<div align=center><img src=https://informo.madrid.es/cameras/Camara08336.jpg?v=75864  width=300 height=220/><br/>HERRERA ORIA-ARROYO FRESNO</div>
-3.7298157174036,40.4571963023399,0,<div align=center><img src=https://informo.madrid.es/cameras/Camara09321.jpg?v=75864  width=300 height=220/><br/>DEHESA DE LA VILLA - AV MIRAFLORES</div>
-3.69023949186136,40.4590641757846,0,<div align=center><img src=https://informo.madrid.es/cameras/Camara06305.jpg?v=75864  width=300 height=220/><br/>PLAZA DE CUZCO</div>
-3.67483137890131,40.4014340682418,0,<div align=center><img src=https://informo.madrid.es/cameras/Camara03314.jpg?v=75864  width=300 height=220/><br/>CIUDAD BARCELONA - DR. ESQUERDO</div>
-3.68488382491894,40.3998873281694,0,<div align=center><img src=https://informo.madrid.es/cameras/Camara02313.jpg?v=75864  width=300 height=220/><br/>MENDEZ ALVARO - COMERCIO</div>
-3.63810859940847,40.4379639694623,0,<div align=center><img src=https://informo.madrid.es/cameras/Camara15305.jpg?v=75864  width=300 height=220/><br/>ARTURO SORIA - ALCALA</div>
-3.63848865709898,40.4699271498434,0,<div align=center><img src=https://informo.madrid.es/cameras/Camara16303.jpg?v=75864  width=300 height=220/><br/>MAR DE CRISTAL</div>
-3.68576395772991,40.4517394554037,0,<div align=center><img src=https://informo.madrid.es/cameras/Camara05320.jpg?v=75864  width=300 height=220/><br/>SAGRADOS CORAZONES</div>
-3.70016658869225,40.4385455214077,0,<div align=center><img src=https://informo.madrid.es/cameras/Camara07305.jpg?v=75864  width=300 height=220/><br/>SANTA ENGRACIA - JOSE ABASCAL</div>
-3.71645078384628,40.4306887232509,0,<div align=center><img src=https://informo.madrid.es/cameras/Camara09302.jpg?v=75864  width=300 height=220/><br/>PRINCESA - MARQUES DE URQUIJO</div>
-3.7285230015619,40.4136193484023,0,<div align=center><img src=https://informo.madrid.es/cameras/Camara10305.jpg?v=75864  width=300 height=220/><br/>PUERTA DEL ANGEL - PASEO EXTREMADURA</div>
-3.75632903617117,40.3981036467894,0,<div align=center><img src=https://informo.madrid.es/cameras/Camara10314.jpg?v=75864  width=300 height=220/><br/>VALMOJADO YÉBENES - BARBERÁN COLLAR</div>
-3.74478144857255,40.4008300960053,0,<div align=center><img src=https://informo.madrid.es/cameras/Camara10318.jpg?v=75864  width=300 height=220/><br/>CONCEJAL FCO. JOSE JIMENEZ - ALHAMBRA</div>
-3.73365161010312,40.3992968001188,0,<div align=center><img src=https://informo.madrid.es/cameras/Camara11320.jpg?v=75864  width=300 height=220/><br/>VIA CARPETANA - ERMITA DEL SANTO</div>
-3.75823369210462,40.3923522549902,0,<div align=center><img src=https://informo.madrid.es/cameras/Camara10317.jpg?v=75864  width=300 height=220/><br/>ILLESCAS - VALMOJADO</div>
